任务名称,截止日期,状态,紧急否,重要否,地址,是否完成,网址
vivo面试 音乐客户端,2024年12月20日 16:00 (GMT+8),还未开始,No,No,"万声音乐 邀请您参加腾讯会议 会议主题：【线上深圳】张利顺安卓初试 会议时间：2024/12/20 14:00-14:30 (GMT+08:00) 中国标准时间 - 北京
点击链接入会，或添加至会议列表： https://meeting.tencent.com/dm/F2fZBsJiCDRt
#腾讯会议：945-910-673
复制该信息，打开手机腾讯会议即可参与

https://m.zhipin.com/mpa/html/weijd/weijd-job/9bacf68f493966e51HV909i7FlBZ?date8=20241213&sid=tosee_jd_e27a52aff6e64f9f1nZ92dS9&openWeapp=1&fromSource=2
",No,https://m.zhipin.com/mpa/html/weijd/weijd-job/9bacf68f493966e51HV909i7FlBZ?date8=20241213&sid=tosee_jd_e27a52aff6e64f9f1nZ92dS9&openWeapp=1&fromSource=2
扇贝，父母,,还未开始,No,No,,No,
影刀 爬虫,,还未开始,No,No,,No,
"我能用滴答清单做什么？ ",,还未开始,No,No,,No,
小鹏 P7+智驾分享会,,还未开始,No,No,,No,
Notion画图,,还未开始,No,No,,No,
小抓的耳聋基因&三尖瓣反流,,还未开始,No,Yes,,No,
脑科，精神科,,还未开始,No,No,,No,
任督二脉，黄帝内经，人体湿寒之气,,还未开始,No,No,,No,
李广日常沟通,,还未开始,No,No,,No,
中软-倪磊-周军,,还未开始,No,No,,No,
全局代理可以访问wps，直接连接不可以访问wps,,还未开始,No,No,,No,
爸爸怎么做一家之主,,还未开始,No,No,,No,
Mbti性格测试,,还未开始,No,No,,No,
未来不确定，才有意思，不要焦虑,,还未开始,No,No,,No,
Boss百科-股票投资顾问,,还未开始,No,No,,No,
咨询移动流量卡套餐,,还未开始,No,No,,No,
小抓-6岁到16岁的教育文档-花心思,,还未开始,No,No,,No,
天津河西，长期持有，我转行，学区房的价值，二胎,,还未开始,No,No,,No,
老年 胆识 魄力 胆量,,还未开始,No,No,,No,
鼠标有油渍怎么办,,还未开始,No,No,,No,
大盛魁对联：贪心惹祸，十分仍不满足，乃人生大病；舍利招财，一味就学吃亏，乃处世良方,,还未开始,No,No,,No,
人生七年 记录片,,还未开始,No,No,,No,
结肠炎：低纤维，低脂肪的食物,,还未开始,No,No,,No,
maxai.me学习,,还未开始,No,No,,No,
不要无止境的追求财富，钱有点就行了，更不要想着留给子孙后代,,还未开始,No,No,,No,
李连杰 鲁豫有约 哲学整理,,还未开始,No,No,,No,
爸妈体检套餐,,还未开始,No,No,,No,
短视频平台的负面影响,,还未开始,No,No,,No,
